{
  "manifest": {
    "publishingInformation": {
      "locales": {
        "en-IN": {
          "summary": "Water Nanny reminds you to stay hydrated throughout the day.",
          "examplePhrases": [
            "Alexa, open Water Nanny.",
            "Alexa, launch Water Nanny."
          ],
          "keywords": [
            "water",
            "reminder",
            "nanny",
            "drink"
          ],
          "name": "Water Nanny",
          "description": "Water Nanny reminds you to drink water throughout the day from 7 AM to 10 PM. You can choose the interval of your reminders - the skill can remind you every one hour, every two hours or every three hours. \n\nStaying hydrated is the best that we can do for our bodies. As simple as it may sound, we often end up forgetting to drink the required amount of water on a daily basis. Use this skill to develop good water-drinking habits.\n\nThis skill works on a fixed schedule. The intervals you choose start from 7 AM through 10 PM, every day. \n\nTo cancel, simply say \"Alexa, cancel all reminders.\"\n\nHappy water drinking!",
          "smallIconUri": "file://assets/images/en-IN_smallIconUri.png",
          "largeIconUri": "file://assets/images/en-IN_largeIconUri.png"
        }
      },
      "automaticDistribution": {
        "isActive": false
      },
      "isAvailableWorldwide": true,
      "testingInstructions": "This skill requires Reminders permissions. The user can enable this in the Alexa app.",
      "category": "HEALTH_AND_FITNESS",
      "distributionMode": "PUBLIC",
      "distributionCountries": []
    },
    "apis": {
      "custom": {
        "endpoint": {
          "uri": "arn:aws:lambda:eu-west-1:748544543691:function:22697c74-6904-4c1e-93d5-c28eac276a78:Release_0"
        },
        "interfaces": [],
        "regions": {
          "EU": {
            "endpoint": {
              "uri": "arn:aws:lambda:eu-west-1:748544543691:function:22697c74-6904-4c1e-93d5-c28eac276a78:Release_0"
            }
          },
          "NA": {
            "endpoint": {
              "uri": "arn:aws:lambda:us-east-1:748544543691:function:22697c74-6904-4c1e-93d5-c28eac276a78:Release_0"
            }
          },
          "FE": {
            "endpoint": {
              "uri": "arn:aws:lambda:us-west-2:748544543691:function:22697c74-6904-4c1e-93d5-c28eac276a78:Release_0"
            }
          }
        }
      }
    },
    "manifestVersion": "1.0",
    "permissions": [
      {
        "name": "alexa::alerts:reminders:skill:readwrite"
      }
    ],
    "privacyAndCompliance": {
      "allowsPurchases": false,
      "locales": {
        "en-IN": {}
      },
      "containsAds": false,
      "isExportCompliant": true,
      "isChildDirected": false,
      "usesPersonalInfo": false
    }
  }
}