{
  "interactionModel": {
    "languageModel": {
      "invocationName": "water nanny",
      "intents": [
        {
          "name": "AMAZON.CancelIntent",
          "samples": []
        },
        {
          "name": "AMAZON.HelpIntent",
          "samples": []
        },
        {
          "name": "AMAZON.StopIntent",
          "samples": []
        },
        {
          "name": "AMAZON.NavigateHomeIntent",
          "samples": []
        },
        {
          "name": "AMAZON.FallbackIntent",
          "samples": []
        },
        {
          "name": "AMAZON.NoIntent",
          "samples": []
        },
        {
          "name": "WaterReminderIntent",
          "slots": [
            {
              "name": "duration",
              "type": "AMAZON.DURATION",
              "samples": [
                "remind every {duration}",
                "for every {duration}",
                "water reminder for every {duration}",
                "remind me every {duration}",
                "every {duration}",
                "{duration}"
              ]
            }
          ],
          "samples": [
            "sure",
            "cool",
            "continue",
            "ok",
            "yeah",
            "sounds good",
            "{duration}",
            "yes"
          ]
        }
      ],
      "types": []
    },
    "dialog": {
      "intents": [
        {
          "name": "WaterReminderIntent",
          "confirmationRequired": false,
          "prompts": {},
          "slots": [
            {
              "name": "duration",
              "type": "AMAZON.DURATION",
              "elicitationRequired": true,
              "confirmationRequired": false,
              "prompts": {
                "elicitation": "Elicit.Slot.136757459273.40908577510"
              }
            }
          ]
        }
      ],
      "delegationStrategy": "ALWAYS"
    },
    "prompts": [
      {
        "id": "Elicit.Slot.1177906483717.1268238665085",
        "variations": [
          {
            "type": "PlainText",
            "value": "I can remind you every one hour, every two hours or every three hours from \u0027seven a. m.\u0027 to ten p m. Please say the duration of your reminders."
          }
        ]
      },
      {
        "id": "Confirm.Slot.377903106215.125505474963",
        "variations": [
          {
            "type": "PlainText",
            "value": "you want me to remind you every {duration} . Is that right?"
          }
        ]
      },
      {
        "id": "Elicit.Slot.136757459273.40908577510",
        "variations": [
          {
            "type": "PlainText",
            "value": "I can remind you every one hour, every two hours or every three hours from seven \u0027a\u0027 m to ten p m. At what intervals would you like to be reminded?"
          },
          {
            "type": "PlainText",
            "value": "At what intervals would you like to be reminded - every one hour, every two hours or every three hours?"
          }
        ]
      }
    ]
  },
  "version": "24"
}